{
  "project": "Hardware Trojan Vulnerability Assessment",
  "stage": "Stage 1.3: Feature Extraction",
  "generated_at": "2025-12-17T11:11:06.678996",
  "extraction_statistics": {
    "total_extracted": 10000,
    "circuits_processed": 25,
    "features_count": 6
  },
  "feature_statistics": {
    "total_features": 10000,
    "feature_names": [
      "white_space_ratio",
      "routing_congestion",
      "signal_activity",
      "cc0_average",
      "observability_average",
      "critical_path_delay"
    ],
    "statistics": {
      "white_space_ratio": {
        "min": 0.0,
        "max": 0.9400000000000001,
        "mean": 0.7474780952380952,
        "std": 0.227993756259239,
        "median": 0.83125
      },
      "routing_congestion": {
        "min": 0.0,
        "max": 0.2637530938086112,
        "mean": 0.008336931770383601,
        "std": 0.023831656200445885,
        "median": 0.0
      },
      "signal_activity": {
        "min": 0.0,
        "max": 0.9994312197839567,
        "mean": 0.5095363831895977,
        "std": 0.2161485110243836,
        "median": 0.5059703952336951
      },
      "cc0_average": {
        "min": 0.451162163336503,
        "max": 1.0,
        "mean": 0.7268152344474992,
        "std": 0.1098391745396733,
        "median": 0.6939006461254555
      },
      "observability_average": {
        "min": 0.0,
        "max": 0.2343766107512825,
        "mean": 0.04721731224312588,
        "std": 0.04456643931948181,
        "median": 0.039338655147062127
      },
      "critical_path_delay": {
        "min": 0.35,
        "max": 0.6,
        "mean": 0.4999999999999999,
        "std": 0.09354143466934854,
        "median": 0.525
      }
    }
  }
}